0,101_chanpoly,843830.435409,175252.0,0.0,E:/dsm2GisReference/bay_delta_dem_v4.gdb/dem_ccfb_south_delta_san_joaquin_rvr_2m_20180612
1,102_chanpoly,339481.417818,110812.0,0.0,E:/dsm2GisReference/bay_delta_dem_v4.gdb/dem_ccfb_south_delta_san_joaquin_rvr_2m_20180612
2,104_chanpoly,421229.162049,133612.0,0.0,E:/dsm2GisReference/bay_delta_dem_v4.gdb/dem_ccfb_south_delta_san_joaquin_rvr_2m_20180612
3,105_chanpoly,709518.114862,161656.0,0.0,E:/dsm2GisReference/bay_delta_dem_v4.gdb/dem_ccfb_south_delta_san_joaquin_rvr_2m_20180612
4,106_chanpoly,944491.590112,218196.0,0.0,E:/dsm2GisReference/bay_delta_dem_v4.gdb/dem_ccfb_south_delta_san_joaquin_rvr_2m_20180612
5,107_chanpoly,287134.162068,63476.0,0.0,E:/dsm2GisReference/bay_delta_dem_v4.gdb/dem_ccfb_south_delta_san_joaquin_rvr_2m_20180612
6,108_chanpoly,1525416.82516,321416.0,0.0,E:/dsm2GisReference/bay_delta_dem_v4.gdb/dem_ccfb_south_delta_san_joaquin_rvr_2m_20180612
7,10_chanpoly,312438.112131,142980.0,0.0,E:/dsm2GisReference/bay_delta_dem_v4.gdb/dem_ccfb_south_delta_san_joaquin_rvr_2m_20180612
8,111_chanpoly,2161472.32638,529372.0,0.0,E:/dsm2GisReference/bay_delta_dem_v4.gdb/dem_ccfb_south_delta_san_joaquin_rvr_2m_20180612
9,114_chanpoly,602895.688081,156108.0,0.0,E:/dsm2GisReference/bay_delta_dem_v4.gdb/dem_ccfb_south_delta_san_joaquin_rvr_2m_20180612
10,115_chanpoly,826980.34555,147044.0,0.0,E:/dsm2GisReference/bay_delta_dem_v4.gdb/dem_ccfb_south_delta_san_joaquin_rvr_2m_20180612
11,116_chanpoly,536753.77937,150324.0,0.0,E:/dsm2GisReference/bay_delta_dem_v4.gdb/dem_ccfb_south_delta_san_joaquin_rvr_2m_20180612
12,117_chanpoly,2788435.66123,535796.0,0.0,E:/dsm2GisReference/bay_delta_dem_v4.gdb/dem_ccfb_south_delta_san_joaquin_rvr_2m_20180612
13,118_chanpoly,499698.719497,189532.0,0.0,E:/dsm2GisReference/bay_delta_dem_v4.gdb/dem_ccfb_south_delta_san_joaquin_rvr_2m_20180612
14,119_chanpoly,4456004.37254,795196.0,0.0,E:/dsm2GisReference/bay_delta_dem_v4.gdb/dem_ccfb_south_delta_san_joaquin_rvr_2m_20180612
15,11_chanpoly,463139.338208,201848.0,0.0,E:/dsm2GisReference/bay_delta_dem_v4.gdb/dem_ccfb_south_delta_san_joaquin_rvr_2m_20180612
16,120_chanpoly,830085.748152,184040.0,0.0,E:/dsm2GisReference/bay_delta_dem_v4.gdb/dem_ccfb_south_delta_san_joaquin_rvr_2m_20180612
17,121_chanpoly,1409500.02469,413152.0,0.0,E:/dsm2GisReference/bay_delta_dem_v4.gdb/dem_ccfb_south_delta_san_joaquin_rvr_2m_20180612
18,122_chanpoly,1071201.46866,350536.0,0.0,E:/dsm2GisReference/bay_delta_dem_v4.gdb/dem_ccfb_south_delta_san_joaquin_rvr_2m_20180612
19,123_chanpoly,1093082.52711,226244.0,0.0,E:/dsm2GisReference/bay_delta_dem_v4.gdb/dem_ccfb_south_delta_san_joaquin_rvr_2m_20180612
20,124_chanpoly,2048695.83192,619564.0,0.0,E:/dsm2GisReference/bay_delta_dem_v4.gdb/dem_ccfb_south_delta_san_joaquin_rvr_2m_20180612
21,125_chanpoly,253.273823383,1040.0,0.0,E:/dsm2GisReference/bay_delta_dem_v4.gdb/dem_ccfb_south_delta_san_joaquin_rvr_2m_20180612
22,126_chanpoly,1427.35524386,2280.0,0.0,E:/dsm2GisReference/bay_delta_dem_v4.gdb/dem_ccfb_south_delta_san_joaquin_rvr_2m_20180612
23,127_chanpoly,1933.18805992,3884.0,0.0,E:/dsm2GisReference/bay_delta_dem_v4.gdb/dem_ccfb_south_delta_san_joaquin_rvr_2m_20180612
24,128_chanpoly,5384.34521499,10804.0,0.0,E:/dsm2GisReference/bay_delta_dem_v4.gdb/dem_ccfb_south_delta_san_joaquin_rvr_2m_20180612
25,129_chanpoly,16985.9506951,29140.0,0.0,E:/dsm2GisReference/bay_delta_dem_v4.gdb/dem_ccfb_south_delta_san_joaquin_rvr_2m_20180612
26,12_chanpoly,482663.247826,184436.0,0.0,E:/dsm2GisReference/bay_delta_dem_v4.gdb/dem_ccfb_south_delta_san_joaquin_rvr_2m_20180612
27,130_chanpoly,37431.4682738,37072.0,0.0,E:/dsm2GisReference/bay_delta_dem_v4.gdb/dem_ccfb_south_delta_san_joaquin_rvr_2m_20180612
28,131_chanpoly,34238.2233082,40104.0,0.0,E:/dsm2GisReference/bay_delta_dem_v4.gdb/dem_ccfb_south_delta_san_joaquin_rvr_2m_20180612
29,132_chanpoly,34379.7499573,49576.0,0.0,E:/dsm2GisReference/bay_delta_dem_v4.gdb/dem_ccfb_south_delta_san_joaquin_rvr_2m_20180612
30,133_chanpoly,83455.0497703,90720.0,0.0,E:/dsm2GisReference/bay_delta_dem_v4.gdb/dem_ccfb_south_delta_san_joaquin_rvr_2m_20180612
31,134_chanpoly,184999.959915,156296.0,0.0,E:/dsm2GisReference/bay_delta_dem_v4.gdb/dem_ccfb_south_delta_san_joaquin_rvr_2m_20180612
32,135_chanpoly,495133.355843,188404.0,0.0,E:/dsm2GisReference/bay_delta_dem_v4.gdb/dem_ccfb_south_delta_san_joaquin_rvr_2m_20180612
33,136_chanpoly,257630.19241,77728.0,0.0,E:/dsm2GisReference/bay_delta_dem_v4.gdb/dem_ccfb_south_delta_san_joaquin_rvr_2m_20180612
34,137_chanpoly,525079.742469,157192.0,0.0,E:/dsm2GisReference/bay_delta_dem_v4.gdb/dem_ccfb_south_delta_san_joaquin_rvr_2m_20180612
35,138_chanpoly,801503.763198,228272.0,0.0,E:/dsm2GisReference/bay_delta_dem_v4.gdb/dem_ccfb_south_delta_san_joaquin_rvr_2m_20180612
36,139_chanpoly,622828.338901,171584.0,0.0,E:/dsm2GisReference/bay_delta_dem_v4.gdb/dem_ccfb_south_delta_san_joaquin_rvr_2m_20180612
37,13_chanpoly,197496.808327,78668.0,0.0,E:/dsm2GisReference/bay_delta_dem_v4.gdb/dem_ccfb_south_delta_san_joaquin_rvr_2m_20180612
38,140_chanpoly,726625.091437,127172.0,0.0,E:/dsm2GisReference/bay_delta_dem_v4.gdb/dem_ccfb_south_delta_san_joaquin_rvr_2m_20180612
39,141_chanpoly,563246.187627,133460.0,0.0,E:/dsm2GisReference/bay_delta_dem_v4.gdb/dem_ccfb_south_delta_san_joaquin_rvr_2m_20180612
40,142_chanpoly,538034.697465,126828.0,0.0,E:/dsm2GisReference/bay_delta_dem_v4.gdb/dem_ccfb_south_delta_san_joaquin_rvr_2m_20180612
41,143_chanpoly,915968.82867,188764.0,0.0,E:/dsm2GisReference/bay_delta_dem_v4.gdb/dem_ccfb_south_delta_san_joaquin_rvr_2m_20180612
42,144_chanpoly,497052.891988,114924.0,0.0,E:/dsm2GisReference/bay_delta_dem_v4.gdb/dem_ccfb_south_delta_san_joaquin_rvr_2m_20180612
43,145_chanpoly,501296.147787,124820.0,0.0,E:/dsm2GisReference/bay_delta_dem_v4.gdb/dem_ccfb_south_delta_san_joaquin_rvr_2m_20180612
44,146_chanpoly,26824.5028238,50168.0,0.0,E:/dsm2GisReference/bay_delta_dem_v4.gdb/dem_ccfb_south_delta_san_joaquin_rvr_2m_20180612
45,147_chanpoly,565424.952155,86132.0,0.0,E:/dsm2GisReference/bay_delta_dem_v4.gdb/dem_ccfb_south_delta_san_joaquin_rvr_2m_20180612
46,148_chanpoly,843375.646525,225544.0,0.0,E:/dsm2GisReference/bay_delta_dem_v4.gdb/dem_ccfb_south_delta_san_joaquin_rvr_2m_20180612
47,149_chanpoly,886559.299717,239064.0,0.0,E:/dsm2GisReference/bay_delta_dem_v4.gdb/dem_ccfb_south_delta_san_joaquin_rvr_2m_20180612
48,14_chanpoly,286216.718922,96960.0,0.0,E:/dsm2GisReference/bay_delta_dem_v4.gdb/dem_ccfb_south_delta_san_joaquin_rvr_2m_20180612
49,150_chanpoly,1287145.01654,257272.0,0.0,E:/dsm2GisReference/bay_delta_dem_v4.gdb/dem_ccfb_south_delta_san_joaquin_rvr_2m_20180612
50,151_chanpoly,722442.080671,172120.0,0.0,E:/dsm2GisReference/bay_delta_dem_v4.gdb/dem_ccfb_south_delta_san_joaquin_rvr_2m_20180612
51,152_chanpoly,1120726.68445,209808.0,0.0,E:/dsm2GisReference/bay_delta_dem_v4.gdb/dem_ccfb_south_delta_san_joaquin_rvr_2m_20180612
52,153_chanpoly,971128.446323,208136.0,0.0,E:/dsm2GisReference/bay_delta_dem_v4.gdb/dem_ccfb_south_delta_san_joaquin_rvr_2m_20180612
53,154_chanpoly,274115.427602,53452.0,0.0,E:/dsm2GisReference/bay_delta_dem_v4.gdb/dem_ccfb_south_delta_san_joaquin_rvr_2m_20180612
54,155_chanpoly,-999999,-999999,0.0,E:/dsm2GisReference/bay_delta_dem_v4.gdb/dem_ccfb_south_delta_san_joaquin_rvr_2m_20180612
55,156_chanpoly,-999999,-999999,0.0,E:/dsm2GisReference/bay_delta_dem_v4.gdb/dem_ccfb_south_delta_san_joaquin_rvr_2m_20180612
56,157_chanpoly,-999999,-999999,0.0,E:/dsm2GisReference/bay_delta_dem_v4.gdb/dem_ccfb_south_delta_san_joaquin_rvr_2m_20180612
57,158_chanpoly,-999999,-999999,0.0,E:/dsm2GisReference/bay_delta_dem_v4.gdb/dem_ccfb_south_delta_san_joaquin_rvr_2m_20180612
58,159_chanpoly,-999999,-999999,0.0,E:/dsm2GisReference/bay_delta_dem_v4.gdb/dem_ccfb_south_delta_san_joaquin_rvr_2m_20180612
59,15_chanpoly,227515.262197,81636.0,0.0,E:/dsm2GisReference/bay_delta_dem_v4.gdb/dem_ccfb_south_delta_san_joaquin_rvr_2m_20180612
60,160_chanpoly,-999999,-999999,0.0,E:/dsm2GisReference/bay_delta_dem_v4.gdb/dem_ccfb_south_delta_san_joaquin_rvr_2m_20180612
61,161_chanpoly,-999999,-999999,0.0,E:/dsm2GisReference/bay_delta_dem_v4.gdb/dem_ccfb_south_delta_san_joaquin_rvr_2m_20180612
62,162_chanpoly,-999999,-999999,0.0,E:/dsm2GisReference/bay_delta_dem_v4.gdb/dem_ccfb_south_delta_san_joaquin_rvr_2m_20180612
63,163_chanpoly,-999999,-999999,0.0,E:/dsm2GisReference/bay_delta_dem_v4.gdb/dem_ccfb_south_delta_san_joaquin_rvr_2m_20180612
64,164_chanpoly,-999999,-999999,0.0,E:/dsm2GisReference/bay_delta_dem_v4.gdb/dem_ccfb_south_delta_san_joaquin_rvr_2m_20180612
65,165_chanpoly,-999999,-999999,0.0,E:/dsm2GisReference/bay_delta_dem_v4.gdb/dem_ccfb_south_delta_san_joaquin_rvr_2m_20180612
66,166_chanpoly,-999999,-999999,0.0,E:/dsm2GisReference/bay_delta_dem_v4.gdb/dem_ccfb_south_delta_san_joaquin_rvr_2m_20180612
67,167_chanpoly,-999999,-999999,0.0,E:/dsm2GisReference/bay_delta_dem_v4.gdb/dem_ccfb_south_delta_san_joaquin_rvr_2m_20180612
68,168_chanpoly,-999999,-999999,0.0,E:/dsm2GisReference/bay_delta_dem_v4.gdb/dem_ccfb_south_delta_san_joaquin_rvr_2m_20180612
69,169_chanpoly,0,0,0.0,E:/dsm2GisReference/bay_delta_dem_v4.gdb/dem_ccfb_south_delta_san_joaquin_rvr_2m_20180612
70,16_chanpoly,6904.76704463,2164.0,0.0,E:/dsm2GisReference/bay_delta_dem_v4.gdb/dem_ccfb_south_delta_san_joaquin_rvr_2m_20180612
71,170_chanpoly,-999999,-999999,0.0,E:/dsm2GisReference/bay_delta_dem_v4.gdb/dem_ccfb_south_delta_san_joaquin_rvr_2m_20180612
72,171_chanpoly,-999999,-999999,0.0,E:/dsm2GisReference/bay_delta_dem_v4.gdb/dem_ccfb_south_delta_san_joaquin_rvr_2m_20180612
73,172_chanpoly,-999999,-999999,0.0,E:/dsm2GisReference/bay_delta_dem_v4.gdb/dem_ccfb_south_delta_san_joaquin_rvr_2m_20180612
74,173_chanpoly,-999999,-999999,0.0,E:/dsm2GisReference/bay_delta_dem_v4.gdb/dem_ccfb_south_delta_san_joaquin_rvr_2m_20180612
75,174_chanpoly,-999999,-999999,0.0,E:/dsm2GisReference/bay_delta_dem_v4.gdb/dem_ccfb_south_delta_san_joaquin_rvr_2m_20180612
76,175_chanpoly,-999999,-999999,0.0,E:/dsm2GisReference/bay_delta_dem_v4.gdb/dem_ccfb_south_delta_san_joaquin_rvr_2m_20180612
77,176_chanpoly,-999999,-999999,0.0,E:/dsm2GisReference/bay_delta_dem_v4.gdb/dem_ccfb_south_delta_san_joaquin_rvr_2m_20180612
78,177_chanpoly,-999999,-999999,0.0,E:/dsm2GisReference/bay_delta_dem_v4.gdb/dem_ccfb_south_delta_san_joaquin_rvr_2m_20180612
79,178_chanpoly,734792.364857,117760.0,0.0,E:/dsm2GisReference/bay_delta_dem_v4.gdb/dem_ccfb_south_delta_san_joaquin_rvr_2m_20180612
80,179_chanpoly,248584.846562,111292.0,0.0,E:/dsm2GisReference/bay_delta_dem_v4.gdb/dem_ccfb_south_delta_san_joaquin_rvr_2m_20180612
81,17_chanpoly,-999999,-999999,0.0,E:/dsm2GisReference/bay_delta_dem_v4.gdb/dem_ccfb_south_delta_san_joaquin_rvr_2m_20180612
82,180_chanpoly,-999999,-999999,0.0,E:/dsm2GisReference/bay_delta_dem_v4.gdb/dem_ccfb_south_delta_san_joaquin_rvr_2m_20180612
83,181_chanpoly,-999999,-999999,0.0,E:/dsm2GisReference/bay_delta_dem_v4.gdb/dem_ccfb_south_delta_san_joaquin_rvr_2m_20180612
84,182_chanpoly,-999999,-999999,0.0,E:/dsm2GisReference/bay_delta_dem_v4.gdb/dem_ccfb_south_delta_san_joaquin_rvr_2m_20180612
85,183_chanpoly,19340.5371071,42388.0,0.0,E:/dsm2GisReference/bay_delta_dem_v4.gdb/dem_ccfb_south_delta_san_joaquin_rvr_2m_20180612
86,184_chanpoly,28207.6347613,39536.0,0.0,E:/dsm2GisReference/bay_delta_dem_v4.gdb/dem_ccfb_south_delta_san_joaquin_rvr_2m_20180612
87,185_chanpoly,-999999,-999999,0.0,E:/dsm2GisReference/bay_delta_dem_v4.gdb/dem_ccfb_south_delta_san_joaquin_rvr_2m_20180612
88,186_chanpoly,-999999,-999999,0.0,E:/dsm2GisReference/bay_delta_dem_v4.gdb/dem_ccfb_south_delta_san_joaquin_rvr_2m_20180612
89,187_chanpoly,-999999,-999999,0.0,E:/dsm2GisReference/bay_delta_dem_v4.gdb/dem_ccfb_south_delta_san_joaquin_rvr_2m_20180612
90,188_chanpoly,-999999,-999999,0.0,E:/dsm2GisReference/bay_delta_dem_v4.gdb/dem_ccfb_south_delta_san_joaquin_rvr_2m_20180612
91,189_chanpoly,-999999,-999999,0.0,E:/dsm2GisReference/bay_delta_dem_v4.gdb/dem_ccfb_south_delta_san_joaquin_rvr_2m_20180612
92,18_chanpoly,-999999,-999999,0.0,E:/dsm2GisReference/bay_delta_dem_v4.gdb/dem_ccfb_south_delta_san_joaquin_rvr_2m_20180612
93,190_chanpoly,-999999,-999999,0.0,E:/dsm2GisReference/bay_delta_dem_v4.gdb/dem_ccfb_south_delta_san_joaquin_rvr_2m_20180612
94,191_chanpoly,-999999,-999999,0.0,E:/dsm2GisReference/bay_delta_dem_v4.gdb/dem_ccfb_south_delta_san_joaquin_rvr_2m_20180612
95,192_chanpoly,-999999,-999999,0.0,E:/dsm2GisReference/bay_delta_dem_v4.gdb/dem_ccfb_south_delta_san_joaquin_rvr_2m_20180612
96,193_chanpoly,-999999,-999999,0.0,E:/dsm2GisReference/bay_delta_dem_v4.gdb/dem_ccfb_south_delta_san_joaquin_rvr_2m_20180612
97,194_chanpoly,0,0,0.0,E:/dsm2GisReference/bay_delta_dem_v4.gdb/dem_ccfb_south_delta_san_joaquin_rvr_2m_20180612
98,195_chanpoly,-999999,-999999,0.0,E:/dsm2GisReference/bay_delta_dem_v4.gdb/dem_ccfb_south_delta_san_joaquin_rvr_2m_20180612
99,196_chanpoly,-999999,-999999,0.0,E:/dsm2GisReference/bay_delta_dem_v4.gdb/dem_ccfb_south_delta_san_joaquin_rvr_2m_20180612
100,197_chanpoly,-999999,-999999,0.0,E:/dsm2GisReference/bay_delta_dem_v4.gdb/dem_ccfb_south_delta_san_joaquin_rvr_2m_20180612
101,198_chanpoly,-999999,-999999,0.0,E:/dsm2GisReference/bay_delta_dem_v4.gdb/dem_ccfb_south_delta_san_joaquin_rvr_2m_20180612
102,199_chanpoly,3.42293813825,12.0,0.0,E:/dsm2GisReference/bay_delta_dem_v4.gdb/dem_ccfb_south_delta_san_joaquin_rvr_2m_20180612
103,19_chanpoly,-999999,-999999,0.0,E:/dsm2GisReference/bay_delta_dem_v4.gdb/dem_ccfb_south_delta_san_joaquin_rvr_2m_20180612
104,1_chanpoly,-999999,-999999,0.0,E:/dsm2GisReference/bay_delta_dem_v4.gdb/dem_ccfb_south_delta_san_joaquin_rvr_2m_20180612
105,201_chanpoly,-999999,-999999,0.0,E:/dsm2GisReference/bay_delta_dem_v4.gdb/dem_ccfb_south_delta_san_joaquin_rvr_2m_20180612
106,202_chanpoly,12657.3547549,28404.0,0.0,E:/dsm2GisReference/bay_delta_dem_v4.gdb/dem_ccfb_south_delta_san_joaquin_rvr_2m_20180612
107,203_chanpoly,88818.1750704,81556.0,0.0,E:/dsm2GisReference/bay_delta_dem_v4.gdb/dem_ccfb_south_delta_san_joaquin_rvr_2m_20180612
108,204_chanpoly,4919.68649089,32308.0,0.0,E:/dsm2GisReference/bay_delta_dem_v4.gdb/dem_ccfb_south_delta_san_joaquin_rvr_2m_20180612
109,205_chanpoly,205075.456601,106268.0,0.0,E:/dsm2GisReference/bay_delta_dem_v4.gdb/dem_ccfb_south_delta_san_joaquin_rvr_2m_20180612
110,206_chanpoly,384169.951193,108248.0,0.0,E:/dsm2GisReference/bay_delta_dem_v4.gdb/dem_ccfb_south_delta_san_joaquin_rvr_2m_20180612
111,207_chanpoly,198986.55679,94936.0,0.0,E:/dsm2GisReference/bay_delta_dem_v4.gdb/dem_ccfb_south_delta_san_joaquin_rvr_2m_20180612
112,208_chanpoly,122294.75379,57524.0,0.0,E:/dsm2GisReference/bay_delta_dem_v4.gdb/dem_ccfb_south_delta_san_joaquin_rvr_2m_20180612
113,209_chanpoly,136036.501663,61748.0,0.0,E:/dsm2GisReference/bay_delta_dem_v4.gdb/dem_ccfb_south_delta_san_joaquin_rvr_2m_20180612
114,20_chanpoly,-999999,-999999,0.0,E:/dsm2GisReference/bay_delta_dem_v4.gdb/dem_ccfb_south_delta_san_joaquin_rvr_2m_20180612
115,210_chanpoly,140200.913282,60104.0,0.0,E:/dsm2GisReference/bay_delta_dem_v4.gdb/dem_ccfb_south_delta_san_joaquin_rvr_2m_20180612
116,211_chanpoly,314670.725676,164564.0,0.0,E:/dsm2GisReference/bay_delta_dem_v4.gdb/dem_ccfb_south_delta_san_joaquin_rvr_2m_20180612
117,212_chanpoly,589428.922969,244964.0,0.0,E:/dsm2GisReference/bay_delta_dem_v4.gdb/dem_ccfb_south_delta_san_joaquin_rvr_2m_20180612
118,213_chanpoly,482940.94394,159332.0,0.0,E:/dsm2GisReference/bay_delta_dem_v4.gdb/dem_ccfb_south_delta_san_joaquin_rvr_2m_20180612
119,214_chanpoly,16312.2979093,5776.0,0.0,E:/dsm2GisReference/bay_delta_dem_v4.gdb/dem_ccfb_south_delta_san_joaquin_rvr_2m_20180612
120,215_chanpoly,-999999,-999999,0.0,E:/dsm2GisReference/bay_delta_dem_v4.gdb/dem_ccfb_south_delta_san_joaquin_rvr_2m_20180612
121,216_chanpoly,-999999,-999999,0.0,E:/dsm2GisReference/bay_delta_dem_v4.gdb/dem_ccfb_south_delta_san_joaquin_rvr_2m_20180612
122,217_chanpoly,19905.270578,9596.0,0.0,E:/dsm2GisReference/bay_delta_dem_v4.gdb/dem_ccfb_south_delta_san_joaquin_rvr_2m_20180612
123,218_chanpoly,-999999,-999999,0.0,E:/dsm2GisReference/bay_delta_dem_v4.gdb/dem_ccfb_south_delta_san_joaquin_rvr_2m_20180612
124,219_chanpoly,-999999,-999999,0.0,E:/dsm2GisReference/bay_delta_dem_v4.gdb/dem_ccfb_south_delta_san_joaquin_rvr_2m_20180612
125,21_chanpoly,-999999,-999999,0.0,E:/dsm2GisReference/bay_delta_dem_v4.gdb/dem_ccfb_south_delta_san_joaquin_rvr_2m_20180612
126,220_chanpoly,-999999,-999999,0.0,E:/dsm2GisReference/bay_delta_dem_v4.gdb/dem_ccfb_south_delta_san_joaquin_rvr_2m_20180612
127,221_chanpoly,-999999,-999999,0.0,E:/dsm2GisReference/bay_delta_dem_v4.gdb/dem_ccfb_south_delta_san_joaquin_rvr_2m_20180612
128,222_chanpoly,-999999,-999999,0.0,E:/dsm2GisReference/bay_delta_dem_v4.gdb/dem_ccfb_south_delta_san_joaquin_rvr_2m_20180612
129,223_chanpoly,-999999,-999999,0.0,E:/dsm2GisReference/bay_delta_dem_v4.gdb/dem_ccfb_south_delta_san_joaquin_rvr_2m_20180612
130,224_chanpoly,-999999,-999999,0.0,E:/dsm2GisReference/bay_delta_dem_v4.gdb/dem_ccfb_south_delta_san_joaquin_rvr_2m_20180612
131,225_chanpoly,60144.3093041,23556.0,0.0,E:/dsm2GisReference/bay_delta_dem_v4.gdb/dem_ccfb_south_delta_san_joaquin_rvr_2m_20180612
132,226_chanpoly,411895.842921,137032.0,0.0,E:/dsm2GisReference/bay_delta_dem_v4.gdb/dem_ccfb_south_delta_san_joaquin_rvr_2m_20180612
133,227_chanpoly,558965.54714,186516.0,0.0,E:/dsm2GisReference/bay_delta_dem_v4.gdb/dem_ccfb_south_delta_san_joaquin_rvr_2m_20180612
134,228_chanpoly,202263.511179,64796.0,0.0,E:/dsm2GisReference/bay_delta_dem_v4.gdb/dem_ccfb_south_delta_san_joaquin_rvr_2m_20180612
135,229_chanpoly,325178.806693,123516.0,0.0,E:/dsm2GisReference/bay_delta_dem_v4.gdb/dem_ccfb_south_delta_san_joaquin_rvr_2m_20180612
136,22_chanpoly,-999999,-999999,0.0,E:/dsm2GisReference/bay_delta_dem_v4.gdb/dem_ccfb_south_delta_san_joaquin_rvr_2m_20180612
137,230_chanpoly,385080.398808,108720.0,0.0,E:/dsm2GisReference/bay_delta_dem_v4.gdb/dem_ccfb_south_delta_san_joaquin_rvr_2m_20180612
138,231_chanpoly,184649.2975,91324.0,0.0,E:/dsm2GisReference/bay_delta_dem_v4.gdb/dem_ccfb_south_delta_san_joaquin_rvr_2m_20180612
139,232_chanpoly,401449.80515,71224.0,0.0,E:/dsm2GisReference/bay_delta_dem_v4.gdb/dem_ccfb_south_delta_san_joaquin_rvr_2m_20180612
140,233_chanpoly,13325.0395226,5124.0,0.0,E:/dsm2GisReference/bay_delta_dem_v4.gdb/dem_ccfb_south_delta_san_joaquin_rvr_2m_20180612
141,234_chanpoly,-999999,-999999,0.0,E:/dsm2GisReference/bay_delta_dem_v4.gdb/dem_ccfb_south_delta_san_joaquin_rvr_2m_20180612
142,235_chanpoly,167793.326396,92932.0,0.0,E:/dsm2GisReference/bay_delta_dem_v4.gdb/dem_ccfb_south_delta_san_joaquin_rvr_2m_20180612
143,236_chanpoly,13047.5087494,4976.0,0.0,E:/dsm2GisReference/bay_delta_dem_v4.gdb/dem_ccfb_south_delta_san_joaquin_rvr_2m_20180612
144,237_chanpoly,-999999,-999999,0.0,E:/dsm2GisReference/bay_delta_dem_v4.gdb/dem_ccfb_south_delta_san_joaquin_rvr_2m_20180612
145,238_chanpoly,-999999,-999999,0.0,E:/dsm2GisReference/bay_delta_dem_v4.gdb/dem_ccfb_south_delta_san_joaquin_rvr_2m_20180612
146,239_chanpoly,-999999,-999999,0.0,E:/dsm2GisReference/bay_delta_dem_v4.gdb/dem_ccfb_south_delta_san_joaquin_rvr_2m_20180612
147,23_chanpoly,-999999,-999999,0.0,E:/dsm2GisReference/bay_delta_dem_v4.gdb/dem_ccfb_south_delta_san_joaquin_rvr_2m_20180612
148,240_chanpoly,-999999,-999999,0.0,E:/dsm2GisReference/bay_delta_dem_v4.gdb/dem_ccfb_south_delta_san_joaquin_rvr_2m_20180612
149,241_chanpoly,-999999,-999999,0.0,E:/dsm2GisReference/bay_delta_dem_v4.gdb/dem_ccfb_south_delta_san_joaquin_rvr_2m_20180612
150,242_chanpoly,-999999,-999999,0.0,E:/dsm2GisReference/bay_delta_dem_v4.gdb/dem_ccfb_south_delta_san_joaquin_rvr_2m_20180612
151,243_chanpoly,-999999,-999999,0.0,E:/dsm2GisReference/bay_delta_dem_v4.gdb/dem_ccfb_south_delta_san_joaquin_rvr_2m_20180612
152,244_chanpoly,6241.89416783,1544.0,0.0,E:/dsm2GisReference/bay_delta_dem_v4.gdb/dem_ccfb_south_delta_san_joaquin_rvr_2m_20180612
153,245_chanpoly,-999999,-999999,0.0,E:/dsm2GisReference/bay_delta_dem_v4.gdb/dem_ccfb_south_delta_san_joaquin_rvr_2m_20180612
154,246_chanpoly,-999999,-999999,0.0,E:/dsm2GisReference/bay_delta_dem_v4.gdb/dem_ccfb_south_delta_san_joaquin_rvr_2m_20180612
155,247_chanpoly,-999999,-999999,0.0,E:/dsm2GisReference/bay_delta_dem_v4.gdb/dem_ccfb_south_delta_san_joaquin_rvr_2m_20180612
156,248_chanpoly,624668.239726,97784.0,0.0,E:/dsm2GisReference/bay_delta_dem_v4.gdb/dem_ccfb_south_delta_san_joaquin_rvr_2m_20180612
157,249_chanpoly,1835629.93602,423576.0,0.0,E:/dsm2GisReference/bay_delta_dem_v4.gdb/dem_ccfb_south_delta_san_joaquin_rvr_2m_20180612
158,24_chanpoly,-999999,-999999,0.0,E:/dsm2GisReference/bay_delta_dem_v4.gdb/dem_ccfb_south_delta_san_joaquin_rvr_2m_20180612
159,250_chanpoly,857019.659099,285356.0,0.0,E:/dsm2GisReference/bay_delta_dem_v4.gdb/dem_ccfb_south_delta_san_joaquin_rvr_2m_20180612
160,251_chanpoly,650048.753303,116616.0,0.0,E:/dsm2GisReference/bay_delta_dem_v4.gdb/dem_ccfb_south_delta_san_joaquin_rvr_2m_20180612
161,252_chanpoly,0,0,0.0,E:/dsm2GisReference/bay_delta_dem_v4.gdb/dem_ccfb_south_delta_san_joaquin_rvr_2m_20180612
162,253_chanpoly,-999999,-999999,0.0,E:/dsm2GisReference/bay_delta_dem_v4.gdb/dem_ccfb_south_delta_san_joaquin_rvr_2m_20180612
163,254_chanpoly,2961.82333893,2920.0,0.0,E:/dsm2GisReference/bay_delta_dem_v4.gdb/dem_ccfb_south_delta_san_joaquin_rvr_2m_20180612
164,255_chanpoly,67.9932866953,156.0,0.0,E:/dsm2GisReference/bay_delta_dem_v4.gdb/dem_ccfb_south_delta_san_joaquin_rvr_2m_20180612
165,257_chanpoly,140.290978111,336.0,0.0,E:/dsm2GisReference/bay_delta_dem_v4.gdb/dem_ccfb_south_delta_san_joaquin_rvr_2m_20180612
166,258_chanpoly,14268.7741248,6252.0,0.0,E:/dsm2GisReference/bay_delta_dem_v4.gdb/dem_ccfb_south_delta_san_joaquin_rvr_2m_20180612
167,259_chanpoly,16110.1917033,7756.0,0.0,E:/dsm2GisReference/bay_delta_dem_v4.gdb/dem_ccfb_south_delta_san_joaquin_rvr_2m_20180612
168,25_chanpoly,-999999,-999999,0.0,E:/dsm2GisReference/bay_delta_dem_v4.gdb/dem_ccfb_south_delta_san_joaquin_rvr_2m_20180612
169,260_chanpoly,-999999,-999999,0.0,E:/dsm2GisReference/bay_delta_dem_v4.gdb/dem_ccfb_south_delta_san_joaquin_rvr_2m_20180612
170,261_chanpoly,-999999,-999999,0.0,E:/dsm2GisReference/bay_delta_dem_v4.gdb/dem_ccfb_south_delta_san_joaquin_rvr_2m_20180612
171,262_chanpoly,-999999,-999999,0.0,E:/dsm2GisReference/bay_delta_dem_v4.gdb/dem_ccfb_south_delta_san_joaquin_rvr_2m_20180612
172,263_chanpoly,-999999,-999999,0.0,E:/dsm2GisReference/bay_delta_dem_v4.gdb/dem_ccfb_south_delta_san_joaquin_rvr_2m_20180612
173,264_chanpoly,53372.0598924,11668.0,0.0,E:/dsm2GisReference/bay_delta_dem_v4.gdb/dem_ccfb_south_delta_san_joaquin_rvr_2m_20180612
174,265_chanpoly,-999999,-999999,0.0,E:/dsm2GisReference/bay_delta_dem_v4.gdb/dem_ccfb_south_delta_san_joaquin_rvr_2m_20180612
175,266_chanpoly,-999999,-999999,0.0,E:/dsm2GisReference/bay_delta_dem_v4.gdb/dem_ccfb_south_delta_san_joaquin_rvr_2m_20180612
176,267_chanpoly,-999999,-999999,0.0,E:/dsm2GisReference/bay_delta_dem_v4.gdb/dem_ccfb_south_delta_san_joaquin_rvr_2m_20180612
177,268_chanpoly,-999999,-999999,0.0,E:/dsm2GisReference/bay_delta_dem_v4.gdb/dem_ccfb_south_delta_san_joaquin_rvr_2m_20180612
178,269_chanpoly,-999999,-999999,0.0,E:/dsm2GisReference/bay_delta_dem_v4.gdb/dem_ccfb_south_delta_san_joaquin_rvr_2m_20180612
179,26_chanpoly,-999999,-999999,0.0,E:/dsm2GisReference/bay_delta_dem_v4.gdb/dem_ccfb_south_delta_san_joaquin_rvr_2m_20180612
180,270_chanpoly,-999999,-999999,0.0,E:/dsm2GisReference/bay_delta_dem_v4.gdb/dem_ccfb_south_delta_san_joaquin_rvr_2m_20180612
181,271_chanpoly,-999999,-999999,0.0,E:/dsm2GisReference/bay_delta_dem_v4.gdb/dem_ccfb_south_delta_san_joaquin_rvr_2m_20180612
182,272_chanpoly,-999999,-999999,0.0,E:/dsm2GisReference/bay_delta_dem_v4.gdb/dem_ccfb_south_delta_san_joaquin_rvr_2m_20180612
183,273_chanpoly,-999999,-999999,0.0,E:/dsm2GisReference/bay_delta_dem_v4.gdb/dem_ccfb_south_delta_san_joaquin_rvr_2m_20180612
184,274_chanpoly,-999999,-999999,0.0,E:/dsm2GisReference/bay_delta_dem_v4.gdb/dem_ccfb_south_delta_san_joaquin_rvr_2m_20180612
185,275_chanpoly,-999999,-999999,0.0,E:/dsm2GisReference/bay_delta_dem_v4.gdb/dem_ccfb_south_delta_san_joaquin_rvr_2m_20180612
186,276_chanpoly,1467054.28729,318680.0,0.0,E:/dsm2GisReference/bay_delta_dem_v4.gdb/dem_ccfb_south_delta_san_joaquin_rvr_2m_20180612
187,277_chanpoly,-999999,-999999,0.0,E:/dsm2GisReference/bay_delta_dem_v4.gdb/dem_ccfb_south_delta_san_joaquin_rvr_2m_20180612
188,278_chanpoly,-999999,-999999,0.0,E:/dsm2GisReference/bay_delta_dem_v4.gdb/dem_ccfb_south_delta_san_joaquin_rvr_2m_20180612
189,279_chanpoly,-999999,-999999,0.0,E:/dsm2GisReference/bay_delta_dem_v4.gdb/dem_ccfb_south_delta_san_joaquin_rvr_2m_20180612
190,27_chanpoly,-999999,-999999,0.0,E:/dsm2GisReference/bay_delta_dem_v4.gdb/dem_ccfb_south_delta_san_joaquin_rvr_2m_20180612
191,280_chanpoly,-999999,-999999,0.0,E:/dsm2GisReference/bay_delta_dem_v4.gdb/dem_ccfb_south_delta_san_joaquin_rvr_2m_20180612
192,281_282_295_296_297_301_chanpoly,-999999,-999999,0.0,E:/dsm2GisReference/bay_delta_dem_v4.gdb/dem_ccfb_south_delta_san_joaquin_rvr_2m_20180612
193,283_chanpoly,-999999,-999999,0.0,E:/dsm2GisReference/bay_delta_dem_v4.gdb/dem_ccfb_south_delta_san_joaquin_rvr_2m_20180612
194,284_chanpoly,-999999,-999999,0.0,E:/dsm2GisReference/bay_delta_dem_v4.gdb/dem_ccfb_south_delta_san_joaquin_rvr_2m_20180612
195,285_chanpoly,-999999,-999999,0.0,E:/dsm2GisReference/bay_delta_dem_v4.gdb/dem_ccfb_south_delta_san_joaquin_rvr_2m_20180612
196,286_chanpoly,-999999,-999999,0.0,E:/dsm2GisReference/bay_delta_dem_v4.gdb/dem_ccfb_south_delta_san_joaquin_rvr_2m_20180612
197,287_chanpoly,-999999,-999999,0.0,E:/dsm2GisReference/bay_delta_dem_v4.gdb/dem_ccfb_south_delta_san_joaquin_rvr_2m_20180612
198,288_chanpoly,-999999,-999999,0.0,E:/dsm2GisReference/bay_delta_dem_v4.gdb/dem_ccfb_south_delta_san_joaquin_rvr_2m_20180612
199,289_chanpoly,-999999,-999999,0.0,E:/dsm2GisReference/bay_delta_dem_v4.gdb/dem_ccfb_south_delta_san_joaquin_rvr_2m_20180612
200,28_chanpoly,-999999,-999999,0.0,E:/dsm2GisReference/bay_delta_dem_v4.gdb/dem_ccfb_south_delta_san_joaquin_rvr_2m_20180612
201,290-294_chanpoly,-999999,-999999,0.0,E:/dsm2GisReference/bay_delta_dem_v4.gdb/dem_ccfb_south_delta_san_joaquin_rvr_2m_20180612
202,295_chanpoly,-999999,-999999,0.0,E:/dsm2GisReference/bay_delta_dem_v4.gdb/dem_ccfb_south_delta_san_joaquin_rvr_2m_20180612
203,299_chanpoly,-999999,-999999,0.0,E:/dsm2GisReference/bay_delta_dem_v4.gdb/dem_ccfb_south_delta_san_joaquin_rvr_2m_20180612
204,29_chanpoly,-999999,-999999,0.0,E:/dsm2GisReference/bay_delta_dem_v4.gdb/dem_ccfb_south_delta_san_joaquin_rvr_2m_20180612
205,2_chanpoly,-999999,-999999,0.0,E:/dsm2GisReference/bay_delta_dem_v4.gdb/dem_ccfb_south_delta_san_joaquin_rvr_2m_20180612
206,300_chanpoly,-999999,-999999,0.0,E:/dsm2GisReference/bay_delta_dem_v4.gdb/dem_ccfb_south_delta_san_joaquin_rvr_2m_20180612
207,307_chanpoly,-999999,-999999,0.0,E:/dsm2GisReference/bay_delta_dem_v4.gdb/dem_ccfb_south_delta_san_joaquin_rvr_2m_20180612
208,308_chanpoly,-999999,-999999,0.0,E:/dsm2GisReference/bay_delta_dem_v4.gdb/dem_ccfb_south_delta_san_joaquin_rvr_2m_20180612
209,309_chanpoly,-999999,-999999,0.0,E:/dsm2GisReference/bay_delta_dem_v4.gdb/dem_ccfb_south_delta_san_joaquin_rvr_2m_20180612
210,30_chanpoly,-999999,-999999,0.0,E:/dsm2GisReference/bay_delta_dem_v4.gdb/dem_ccfb_south_delta_san_joaquin_rvr_2m_20180612
211,310_chanpoly,-999999,-999999,0.0,E:/dsm2GisReference/bay_delta_dem_v4.gdb/dem_ccfb_south_delta_san_joaquin_rvr_2m_20180612
212,311_chanpoly,-999999,-999999,0.0,E:/dsm2GisReference/bay_delta_dem_v4.gdb/dem_ccfb_south_delta_san_joaquin_rvr_2m_20180612
213,312_chanpoly,-999999,-999999,0.0,E:/dsm2GisReference/bay_delta_dem_v4.gdb/dem_ccfb_south_delta_san_joaquin_rvr_2m_20180612
214,313_chanpoly,-999999,-999999,0.0,E:/dsm2GisReference/bay_delta_dem_v4.gdb/dem_ccfb_south_delta_san_joaquin_rvr_2m_20180612
215,314_chanpoly,-999999,-999999,0.0,E:/dsm2GisReference/bay_delta_dem_v4.gdb/dem_ccfb_south_delta_san_joaquin_rvr_2m_20180612
216,315_chanpoly,-999999,-999999,0.0,E:/dsm2GisReference/bay_delta_dem_v4.gdb/dem_ccfb_south_delta_san_joaquin_rvr_2m_20180612
217,316_chanpoly,-999999,-999999,0.0,E:/dsm2GisReference/bay_delta_dem_v4.gdb/dem_ccfb_south_delta_san_joaquin_rvr_2m_20180612
218,317_chanpoly,-999999,-999999,0.0,E:/dsm2GisReference/bay_delta_dem_v4.gdb/dem_ccfb_south_delta_san_joaquin_rvr_2m_20180612
219,318_chanpoly,-999999,-999999,0.0,E:/dsm2GisReference/bay_delta_dem_v4.gdb/dem_ccfb_south_delta_san_joaquin_rvr_2m_20180612
220,319_chanpoly,-999999,-999999,0.0,E:/dsm2GisReference/bay_delta_dem_v4.gdb/dem_ccfb_south_delta_san_joaquin_rvr_2m_20180612
221,31_chanpoly,-999999,-999999,0.0,E:/dsm2GisReference/bay_delta_dem_v4.gdb/dem_ccfb_south_delta_san_joaquin_rvr_2m_20180612
222,320_chanpoly,-999999,-999999,0.0,E:/dsm2GisReference/bay_delta_dem_v4.gdb/dem_ccfb_south_delta_san_joaquin_rvr_2m_20180612
223,321_chanpoly,-999999,-999999,0.0,E:/dsm2GisReference/bay_delta_dem_v4.gdb/dem_ccfb_south_delta_san_joaquin_rvr_2m_20180612
224,322_chanpoly,-999999,-999999,0.0,E:/dsm2GisReference/bay_delta_dem_v4.gdb/dem_ccfb_south_delta_san_joaquin_rvr_2m_20180612
225,323_chanpoly,-999999,-999999,0.0,E:/dsm2GisReference/bay_delta_dem_v4.gdb/dem_ccfb_south_delta_san_joaquin_rvr_2m_20180612
226,324_chanpoly,-999999,-999999,0.0,E:/dsm2GisReference/bay_delta_dem_v4.gdb/dem_ccfb_south_delta_san_joaquin_rvr_2m_20180612
227,325_chanpoly,-999999,-999999,0.0,E:/dsm2GisReference/bay_delta_dem_v4.gdb/dem_ccfb_south_delta_san_joaquin_rvr_2m_20180612
228,326_chanpoly,-999999,-999999,0.0,E:/dsm2GisReference/bay_delta_dem_v4.gdb/dem_ccfb_south_delta_san_joaquin_rvr_2m_20180612
229,327_chanpoly,-999999,-999999,0.0,E:/dsm2GisReference/bay_delta_dem_v4.gdb/dem_ccfb_south_delta_san_joaquin_rvr_2m_20180612
230,328_chanpoly,-999999,-999999,0.0,E:/dsm2GisReference/bay_delta_dem_v4.gdb/dem_ccfb_south_delta_san_joaquin_rvr_2m_20180612
231,329_chanpoly,-999999,-999999,0.0,E:/dsm2GisReference/bay_delta_dem_v4.gdb/dem_ccfb_south_delta_san_joaquin_rvr_2m_20180612
232,32_chanpoly,-999999,-999999,0.0,E:/dsm2GisReference/bay_delta_dem_v4.gdb/dem_ccfb_south_delta_san_joaquin_rvr_2m_20180612
233,330_chanpoly,-999999,-999999,0.0,E:/dsm2GisReference/bay_delta_dem_v4.gdb/dem_ccfb_south_delta_san_joaquin_rvr_2m_20180612
234,331_chanpoly,-999999,-999999,0.0,E:/dsm2GisReference/bay_delta_dem_v4.gdb/dem_ccfb_south_delta_san_joaquin_rvr_2m_20180612
235,332_chanpoly,-999999,-999999,0.0,E:/dsm2GisReference/bay_delta_dem_v4.gdb/dem_ccfb_south_delta_san_joaquin_rvr_2m_20180612
236,333_chanpoly,-999999,-999999,0.0,E:/dsm2GisReference/bay_delta_dem_v4.gdb/dem_ccfb_south_delta_san_joaquin_rvr_2m_20180612
237,334_chanpoly,-999999,-999999,0.0,E:/dsm2GisReference/bay_delta_dem_v4.gdb/dem_ccfb_south_delta_san_joaquin_rvr_2m_20180612
238,335_chanpoly,-999999,-999999,0.0,E:/dsm2GisReference/bay_delta_dem_v4.gdb/dem_ccfb_south_delta_san_joaquin_rvr_2m_20180612
239,336_chanpoly,-999999,-999999,0.0,E:/dsm2GisReference/bay_delta_dem_v4.gdb/dem_ccfb_south_delta_san_joaquin_rvr_2m_20180612
240,337_chanpoly,-999999,-999999,0.0,E:/dsm2GisReference/bay_delta_dem_v4.gdb/dem_ccfb_south_delta_san_joaquin_rvr_2m_20180612
241,338_chanpoly,-999999,-999999,0.0,E:/dsm2GisReference/bay_delta_dem_v4.gdb/dem_ccfb_south_delta_san_joaquin_rvr_2m_20180612
242,339_chanpoly,-999999,-999999,0.0,E:/dsm2GisReference/bay_delta_dem_v4.gdb/dem_ccfb_south_delta_san_joaquin_rvr_2m_20180612
243,33_chanpoly,-999999,-999999,0.0,E:/dsm2GisReference/bay_delta_dem_v4.gdb/dem_ccfb_south_delta_san_joaquin_rvr_2m_20180612
244,340_chanpoly,-999999,-999999,0.0,E:/dsm2GisReference/bay_delta_dem_v4.gdb/dem_ccfb_south_delta_san_joaquin_rvr_2m_20180612
245,341_chanpoly,-999999,-999999,0.0,E:/dsm2GisReference/bay_delta_dem_v4.gdb/dem_ccfb_south_delta_san_joaquin_rvr_2m_20180612
246,342_chanpoly,-999999,-999999,0.0,E:/dsm2GisReference/bay_delta_dem_v4.gdb/dem_ccfb_south_delta_san_joaquin_rvr_2m_20180612
247,343_chanpoly,-999999,-999999,0.0,E:/dsm2GisReference/bay_delta_dem_v4.gdb/dem_ccfb_south_delta_san_joaquin_rvr_2m_20180612
248,344_chanpoly,-999999,-999999,0.0,E:/dsm2GisReference/bay_delta_dem_v4.gdb/dem_ccfb_south_delta_san_joaquin_rvr_2m_20180612
249,345_chanpoly,-999999,-999999,0.0,E:/dsm2GisReference/bay_delta_dem_v4.gdb/dem_ccfb_south_delta_san_joaquin_rvr_2m_20180612
250,346_chanpoly,-999999,-999999,0.0,E:/dsm2GisReference/bay_delta_dem_v4.gdb/dem_ccfb_south_delta_san_joaquin_rvr_2m_20180612
251,347_chanpoly,-999999,-999999,0.0,E:/dsm2GisReference/bay_delta_dem_v4.gdb/dem_ccfb_south_delta_san_joaquin_rvr_2m_20180612
252,348_chanpoly,-999999,-999999,0.0,E:/dsm2GisReference/bay_delta_dem_v4.gdb/dem_ccfb_south_delta_san_joaquin_rvr_2m_20180612
253,349_chanpoly,-999999,-999999,0.0,E:/dsm2GisReference/bay_delta_dem_v4.gdb/dem_ccfb_south_delta_san_joaquin_rvr_2m_20180612
254,34_chanpoly,-999999,-999999,0.0,E:/dsm2GisReference/bay_delta_dem_v4.gdb/dem_ccfb_south_delta_san_joaquin_rvr_2m_20180612
255,350_chanpoly,-999999,-999999,0.0,E:/dsm2GisReference/bay_delta_dem_v4.gdb/dem_ccfb_south_delta_san_joaquin_rvr_2m_20180612
256,351_chanpoly,-999999,-999999,0.0,E:/dsm2GisReference/bay_delta_dem_v4.gdb/dem_ccfb_south_delta_san_joaquin_rvr_2m_20180612
257,352_chanpoly,-999999,-999999,0.0,E:/dsm2GisReference/bay_delta_dem_v4.gdb/dem_ccfb_south_delta_san_joaquin_rvr_2m_20180612
258,353_chanpoly,-999999,-999999,0.0,E:/dsm2GisReference/bay_delta_dem_v4.gdb/dem_ccfb_south_delta_san_joaquin_rvr_2m_20180612
259,354_chanpoly,-999999,-999999,0.0,E:/dsm2GisReference/bay_delta_dem_v4.gdb/dem_ccfb_south_delta_san_joaquin_rvr_2m_20180612
260,355_chanpoly,-999999,-999999,0.0,E:/dsm2GisReference/bay_delta_dem_v4.gdb/dem_ccfb_south_delta_san_joaquin_rvr_2m_20180612
261,356_chanpoly,-999999,-999999,0.0,E:/dsm2GisReference/bay_delta_dem_v4.gdb/dem_ccfb_south_delta_san_joaquin_rvr_2m_20180612
262,357_chanpoly,-999999,-999999,0.0,E:/dsm2GisReference/bay_delta_dem_v4.gdb/dem_ccfb_south_delta_san_joaquin_rvr_2m_20180612
263,358_chanpoly,-999999,-999999,0.0,E:/dsm2GisReference/bay_delta_dem_v4.gdb/dem_ccfb_south_delta_san_joaquin_rvr_2m_20180612
264,359_chanpoly,-999999,-999999,0.0,E:/dsm2GisReference/bay_delta_dem_v4.gdb/dem_ccfb_south_delta_san_joaquin_rvr_2m_20180612
265,35_chanpoly,-999999,-999999,0.0,E:/dsm2GisReference/bay_delta_dem_v4.gdb/dem_ccfb_south_delta_san_joaquin_rvr_2m_20180612
266,360_chanpoly,-999999,-999999,0.0,E:/dsm2GisReference/bay_delta_dem_v4.gdb/dem_ccfb_south_delta_san_joaquin_rvr_2m_20180612
267,361_chanpoly,-999999,-999999,0.0,E:/dsm2GisReference/bay_delta_dem_v4.gdb/dem_ccfb_south_delta_san_joaquin_rvr_2m_20180612
268,362_chanpoly,-999999,-999999,0.0,E:/dsm2GisReference/bay_delta_dem_v4.gdb/dem_ccfb_south_delta_san_joaquin_rvr_2m_20180612
269,363_chanpoly,-999999,-999999,0.0,E:/dsm2GisReference/bay_delta_dem_v4.gdb/dem_ccfb_south_delta_san_joaquin_rvr_2m_20180612
270,364_chanpoly,-999999,-999999,0.0,E:/dsm2GisReference/bay_delta_dem_v4.gdb/dem_ccfb_south_delta_san_joaquin_rvr_2m_20180612
271,365_chanpoly,-999999,-999999,0.0,E:/dsm2GisReference/bay_delta_dem_v4.gdb/dem_ccfb_south_delta_san_joaquin_rvr_2m_20180612
272,366_chanpoly,-999999,-999999,0.0,E:/dsm2GisReference/bay_delta_dem_v4.gdb/dem_ccfb_south_delta_san_joaquin_rvr_2m_20180612
273,367_chanpoly,-999999,-999999,0.0,E:/dsm2GisReference/bay_delta_dem_v4.gdb/dem_ccfb_south_delta_san_joaquin_rvr_2m_20180612
274,368_chanpoly,-999999,-999999,0.0,E:/dsm2GisReference/bay_delta_dem_v4.gdb/dem_ccfb_south_delta_san_joaquin_rvr_2m_20180612
275,369_chanpoly,-999999,-999999,0.0,E:/dsm2GisReference/bay_delta_dem_v4.gdb/dem_ccfb_south_delta_san_joaquin_rvr_2m_20180612
276,36_chanpoly,-999999,-999999,0.0,E:/dsm2GisReference/bay_delta_dem_v4.gdb/dem_ccfb_south_delta_san_joaquin_rvr_2m_20180612
277,370_chanpoly,-999999,-999999,0.0,E:/dsm2GisReference/bay_delta_dem_v4.gdb/dem_ccfb_south_delta_san_joaquin_rvr_2m_20180612
278,371_chanpoly,-999999,-999999,0.0,E:/dsm2GisReference/bay_delta_dem_v4.gdb/dem_ccfb_south_delta_san_joaquin_rvr_2m_20180612
279,372_chanpoly,-999999,-999999,0.0,E:/dsm2GisReference/bay_delta_dem_v4.gdb/dem_ccfb_south_delta_san_joaquin_rvr_2m_20180612
280,373_chanpoly,-999999,-999999,0.0,E:/dsm2GisReference/bay_delta_dem_v4.gdb/dem_ccfb_south_delta_san_joaquin_rvr_2m_20180612
281,374_chanpoly,-999999,-999999,0.0,E:/dsm2GisReference/bay_delta_dem_v4.gdb/dem_ccfb_south_delta_san_joaquin_rvr_2m_20180612
282,375_chanpoly,-999999,-999999,0.0,E:/dsm2GisReference/bay_delta_dem_v4.gdb/dem_ccfb_south_delta_san_joaquin_rvr_2m_20180612
283,376_chanpoly,-999999,-999999,0.0,E:/dsm2GisReference/bay_delta_dem_v4.gdb/dem_ccfb_south_delta_san_joaquin_rvr_2m_20180612
284,377_chanpoly,-999999,-999999,0.0,E:/dsm2GisReference/bay_delta_dem_v4.gdb/dem_ccfb_south_delta_san_joaquin_rvr_2m_20180612
285,378_chanpoly,-999999,-999999,0.0,E:/dsm2GisReference/bay_delta_dem_v4.gdb/dem_ccfb_south_delta_san_joaquin_rvr_2m_20180612
286,379_chanpoly,-999999,-999999,0.0,E:/dsm2GisReference/bay_delta_dem_v4.gdb/dem_ccfb_south_delta_san_joaquin_rvr_2m_20180612
287,37_chanpoly,-999999,-999999,0.0,E:/dsm2GisReference/bay_delta_dem_v4.gdb/dem_ccfb_south_delta_san_joaquin_rvr_2m_20180612
288,380_chanpoly,-999999,-999999,0.0,E:/dsm2GisReference/bay_delta_dem_v4.gdb/dem_ccfb_south_delta_san_joaquin_rvr_2m_20180612
289,381_chanpoly,-999999,-999999,0.0,E:/dsm2GisReference/bay_delta_dem_v4.gdb/dem_ccfb_south_delta_san_joaquin_rvr_2m_20180612
290,382_chanpoly,-999999,-999999,0.0,E:/dsm2GisReference/bay_delta_dem_v4.gdb/dem_ccfb_south_delta_san_joaquin_rvr_2m_20180612
291,383_chanpoly,-999999,-999999,0.0,E:/dsm2GisReference/bay_delta_dem_v4.gdb/dem_ccfb_south_delta_san_joaquin_rvr_2m_20180612
292,384_chanpoly,-999999,-999999,0.0,E:/dsm2GisReference/bay_delta_dem_v4.gdb/dem_ccfb_south_delta_san_joaquin_rvr_2m_20180612
293,385_chanpoly,-999999,-999999,0.0,E:/dsm2GisReference/bay_delta_dem_v4.gdb/dem_ccfb_south_delta_san_joaquin_rvr_2m_20180612
294,386_chanpoly,-999999,-999999,0.0,E:/dsm2GisReference/bay_delta_dem_v4.gdb/dem_ccfb_south_delta_san_joaquin_rvr_2m_20180612
295,387_chanpoly,-999999,-999999,0.0,E:/dsm2GisReference/bay_delta_dem_v4.gdb/dem_ccfb_south_delta_san_joaquin_rvr_2m_20180612
296,388_chanpoly,-999999,-999999,0.0,E:/dsm2GisReference/bay_delta_dem_v4.gdb/dem_ccfb_south_delta_san_joaquin_rvr_2m_20180612
297,389_chanpoly,-999999,-999999,0.0,E:/dsm2GisReference/bay_delta_dem_v4.gdb/dem_ccfb_south_delta_san_joaquin_rvr_2m_20180612
298,38_chanpoly,-999999,-999999,0.0,E:/dsm2GisReference/bay_delta_dem_v4.gdb/dem_ccfb_south_delta_san_joaquin_rvr_2m_20180612
299,390_chanpoly,-999999,-999999,0.0,E:/dsm2GisReference/bay_delta_dem_v4.gdb/dem_ccfb_south_delta_san_joaquin_rvr_2m_20180612
300,391_chanpoly,-999999,-999999,0.0,E:/dsm2GisReference/bay_delta_dem_v4.gdb/dem_ccfb_south_delta_san_joaquin_rvr_2m_20180612
301,392_chanpoly,-999999,-999999,0.0,E:/dsm2GisReference/bay_delta_dem_v4.gdb/dem_ccfb_south_delta_san_joaquin_rvr_2m_20180612
302,393_chanpoly,-999999,-999999,0.0,E:/dsm2GisReference/bay_delta_dem_v4.gdb/dem_ccfb_south_delta_san_joaquin_rvr_2m_20180612
303,394_chanpoly,-999999,-999999,0.0,E:/dsm2GisReference/bay_delta_dem_v4.gdb/dem_ccfb_south_delta_san_joaquin_rvr_2m_20180612
304,395_chanpoly,-999999,-999999,0.0,E:/dsm2GisReference/bay_delta_dem_v4.gdb/dem_ccfb_south_delta_san_joaquin_rvr_2m_20180612
305,396_chanpoly,-999999,-999999,0.0,E:/dsm2GisReference/bay_delta_dem_v4.gdb/dem_ccfb_south_delta_san_joaquin_rvr_2m_20180612
306,397_chanpoly,-999999,-999999,0.0,E:/dsm2GisReference/bay_delta_dem_v4.gdb/dem_ccfb_south_delta_san_joaquin_rvr_2m_20180612
307,398_chanpoly,-999999,-999999,0.0,E:/dsm2GisReference/bay_delta_dem_v4.gdb/dem_ccfb_south_delta_san_joaquin_rvr_2m_20180612
308,399_chanpoly,-999999,-999999,0.0,E:/dsm2GisReference/bay_delta_dem_v4.gdb/dem_ccfb_south_delta_san_joaquin_rvr_2m_20180612
309,39_chanpoly,-999999,-999999,0.0,E:/dsm2GisReference/bay_delta_dem_v4.gdb/dem_ccfb_south_delta_san_joaquin_rvr_2m_20180612
310,3_chanpoly,-999999,-999999,0.0,E:/dsm2GisReference/bay_delta_dem_v4.gdb/dem_ccfb_south_delta_san_joaquin_rvr_2m_20180612
311,400_chanpoly,-999999,-999999,0.0,E:/dsm2GisReference/bay_delta_dem_v4.gdb/dem_ccfb_south_delta_san_joaquin_rvr_2m_20180612
312,401_chanpoly,-999999,-999999,0.0,E:/dsm2GisReference/bay_delta_dem_v4.gdb/dem_ccfb_south_delta_san_joaquin_rvr_2m_20180612
313,402_chanpoly,-999999,-999999,0.0,E:/dsm2GisReference/bay_delta_dem_v4.gdb/dem_ccfb_south_delta_san_joaquin_rvr_2m_20180612
314,403_chanpoly,-999999,-999999,0.0,E:/dsm2GisReference/bay_delta_dem_v4.gdb/dem_ccfb_south_delta_san_joaquin_rvr_2m_20180612
315,404_chanpoly,-999999,-999999,0.0,E:/dsm2GisReference/bay_delta_dem_v4.gdb/dem_ccfb_south_delta_san_joaquin_rvr_2m_20180612
316,405_chanpoly,-999999,-999999,0.0,E:/dsm2GisReference/bay_delta_dem_v4.gdb/dem_ccfb_south_delta_san_joaquin_rvr_2m_20180612
317,406_chanpoly,-999999,-999999,0.0,E:/dsm2GisReference/bay_delta_dem_v4.gdb/dem_ccfb_south_delta_san_joaquin_rvr_2m_20180612
318,407_chanpoly,-999999,-999999,0.0,E:/dsm2GisReference/bay_delta_dem_v4.gdb/dem_ccfb_south_delta_san_joaquin_rvr_2m_20180612
319,408_chanpoly,-999999,-999999,0.0,E:/dsm2GisReference/bay_delta_dem_v4.gdb/dem_ccfb_south_delta_san_joaquin_rvr_2m_20180612
320,409_chanpoly,-999999,-999999,0.0,E:/dsm2GisReference/bay_delta_dem_v4.gdb/dem_ccfb_south_delta_san_joaquin_rvr_2m_20180612
321,40_chanpoly,-999999,-999999,0.0,E:/dsm2GisReference/bay_delta_dem_v4.gdb/dem_ccfb_south_delta_san_joaquin_rvr_2m_20180612
322,410_chanpoly,-999999,-999999,0.0,E:/dsm2GisReference/bay_delta_dem_v4.gdb/dem_ccfb_south_delta_san_joaquin_rvr_2m_20180612
323,411_chanpoly,-999999,-999999,0.0,E:/dsm2GisReference/bay_delta_dem_v4.gdb/dem_ccfb_south_delta_san_joaquin_rvr_2m_20180612
324,412_chanpoly,-999999,-999999,0.0,E:/dsm2GisReference/bay_delta_dem_v4.gdb/dem_ccfb_south_delta_san_joaquin_rvr_2m_20180612
325,413_chanpoly,-999999,-999999,0.0,E:/dsm2GisReference/bay_delta_dem_v4.gdb/dem_ccfb_south_delta_san_joaquin_rvr_2m_20180612
326,414_chanpoly,-999999,-999999,0.0,E:/dsm2GisReference/bay_delta_dem_v4.gdb/dem_ccfb_south_delta_san_joaquin_rvr_2m_20180612
327,415_chanpoly,-999999,-999999,0.0,E:/dsm2GisReference/bay_delta_dem_v4.gdb/dem_ccfb_south_delta_san_joaquin_rvr_2m_20180612
328,416_chanpoly,-999999,-999999,0.0,E:/dsm2GisReference/bay_delta_dem_v4.gdb/dem_ccfb_south_delta_san_joaquin_rvr_2m_20180612
329,417_chanpoly,-999999,-999999,0.0,E:/dsm2GisReference/bay_delta_dem_v4.gdb/dem_ccfb_south_delta_san_joaquin_rvr_2m_20180612
330,418_chanpoly,-999999,-999999,0.0,E:/dsm2GisReference/bay_delta_dem_v4.gdb/dem_ccfb_south_delta_san_joaquin_rvr_2m_20180612
331,419_chanpoly,-999999,-999999,0.0,E:/dsm2GisReference/bay_delta_dem_v4.gdb/dem_ccfb_south_delta_san_joaquin_rvr_2m_20180612
332,41_chanpoly,-999999,-999999,0.0,E:/dsm2GisReference/bay_delta_dem_v4.gdb/dem_ccfb_south_delta_san_joaquin_rvr_2m_20180612
333,420_chanpoly,-999999,-999999,0.0,E:/dsm2GisReference/bay_delta_dem_v4.gdb/dem_ccfb_south_delta_san_joaquin_rvr_2m_20180612
334,421_chanpoly,-999999,-999999,0.0,E:/dsm2GisReference/bay_delta_dem_v4.gdb/dem_ccfb_south_delta_san_joaquin_rvr_2m_20180612
335,422_chanpoly,-999999,-999999,0.0,E:/dsm2GisReference/bay_delta_dem_v4.gdb/dem_ccfb_south_delta_san_joaquin_rvr_2m_20180612
336,423_chanpoly,-999999,-999999,0.0,E:/dsm2GisReference/bay_delta_dem_v4.gdb/dem_ccfb_south_delta_san_joaquin_rvr_2m_20180612
337,424_chanpoly,-999999,-999999,0.0,E:/dsm2GisReference/bay_delta_dem_v4.gdb/dem_ccfb_south_delta_san_joaquin_rvr_2m_20180612
338,426_chanpoly,-999999,-999999,0.0,E:/dsm2GisReference/bay_delta_dem_v4.gdb/dem_ccfb_south_delta_san_joaquin_rvr_2m_20180612
339,427_chanpoly,-999999,-999999,0.0,E:/dsm2GisReference/bay_delta_dem_v4.gdb/dem_ccfb_south_delta_san_joaquin_rvr_2m_20180612
340,428_chanpoly,-999999,-999999,0.0,E:/dsm2GisReference/bay_delta_dem_v4.gdb/dem_ccfb_south_delta_san_joaquin_rvr_2m_20180612
341,429_chanpoly,-999999,-999999,0.0,E:/dsm2GisReference/bay_delta_dem_v4.gdb/dem_ccfb_south_delta_san_joaquin_rvr_2m_20180612
342,42_chanpoly,283406.417662,51940.0,0.0,E:/dsm2GisReference/bay_delta_dem_v4.gdb/dem_ccfb_south_delta_san_joaquin_rvr_2m_20180612
343,430_chanpoly,-999999,-999999,0.0,E:/dsm2GisReference/bay_delta_dem_v4.gdb/dem_ccfb_south_delta_san_joaquin_rvr_2m_20180612
344,431_chanpoly,-999999,-999999,0.0,E:/dsm2GisReference/bay_delta_dem_v4.gdb/dem_ccfb_south_delta_san_joaquin_rvr_2m_20180612
345,432_chanpoly,-999999,-999999,0.0,E:/dsm2GisReference/bay_delta_dem_v4.gdb/dem_ccfb_south_delta_san_joaquin_rvr_2m_20180612
346,433_chanpoly,-999999,-999999,0.0,E:/dsm2GisReference/bay_delta_dem_v4.gdb/dem_ccfb_south_delta_san_joaquin_rvr_2m_20180612
347,434_chanpoly,-999999,-999999,0.0,E:/dsm2GisReference/bay_delta_dem_v4.gdb/dem_ccfb_south_delta_san_joaquin_rvr_2m_20180612
348,435_chanpoly,-999999,-999999,0.0,E:/dsm2GisReference/bay_delta_dem_v4.gdb/dem_ccfb_south_delta_san_joaquin_rvr_2m_20180612
349,436_chanpoly,-999999,-999999,0.0,E:/dsm2GisReference/bay_delta_dem_v4.gdb/dem_ccfb_south_delta_san_joaquin_rvr_2m_20180612
350,437_chanpoly,-999999,-999999,0.0,E:/dsm2GisReference/bay_delta_dem_v4.gdb/dem_ccfb_south_delta_san_joaquin_rvr_2m_20180612
351,438_443_444_450_570_571_574_575_chanpoly,-999999,-999999,0.0,E:/dsm2GisReference/bay_delta_dem_v4.gdb/dem_ccfb_south_delta_san_joaquin_rvr_2m_20180612
352,439_440_441_451_452_453_454_chanpoly,-999999,-999999,0.0,E:/dsm2GisReference/bay_delta_dem_v4.gdb/dem_ccfb_south_delta_san_joaquin_rvr_2m_20180612
353,43_chanpoly,-999999,-999999,0.0,E:/dsm2GisReference/bay_delta_dem_v4.gdb/dem_ccfb_south_delta_san_joaquin_rvr_2m_20180612
354,441_chanpoly,-999999,-999999,0.0,E:/dsm2GisReference/bay_delta_dem_v4.gdb/dem_ccfb_south_delta_san_joaquin_rvr_2m_20180612
355,442_chanpoly,-999999,-999999,0.0,E:/dsm2GisReference/bay_delta_dem_v4.gdb/dem_ccfb_south_delta_san_joaquin_rvr_2m_20180612
356,445_chanpoly,-999999,-999999,0.0,E:/dsm2GisReference/bay_delta_dem_v4.gdb/dem_ccfb_south_delta_san_joaquin_rvr_2m_20180612
357,447_chanpoly,-999999,-999999,0.0,E:/dsm2GisReference/bay_delta_dem_v4.gdb/dem_ccfb_south_delta_san_joaquin_rvr_2m_20180612
358,448_449_572_573_chanpoly,-999999,-999999,0.0,E:/dsm2GisReference/bay_delta_dem_v4.gdb/dem_ccfb_south_delta_san_joaquin_rvr_2m_20180612
359,44_chanpoly,-999999,-999999,0.0,E:/dsm2GisReference/bay_delta_dem_v4.gdb/dem_ccfb_south_delta_san_joaquin_rvr_2m_20180612
360,458_chanpoly,-999999,-999999,0.0,E:/dsm2GisReference/bay_delta_dem_v4.gdb/dem_ccfb_south_delta_san_joaquin_rvr_2m_20180612
361,459_chanpoly,-999999,-999999,0.0,E:/dsm2GisReference/bay_delta_dem_v4.gdb/dem_ccfb_south_delta_san_joaquin_rvr_2m_20180612
362,45_chanpoly,-999999,-999999,0.0,E:/dsm2GisReference/bay_delta_dem_v4.gdb/dem_ccfb_south_delta_san_joaquin_rvr_2m_20180612
363,460_chanpoly,-999999,-999999,0.0,E:/dsm2GisReference/bay_delta_dem_v4.gdb/dem_ccfb_south_delta_san_joaquin_rvr_2m_20180612
364,461_chanpoly,-999999,-999999,0.0,E:/dsm2GisReference/bay_delta_dem_v4.gdb/dem_ccfb_south_delta_san_joaquin_rvr_2m_20180612
365,462_chanpoly,-999999,-999999,0.0,E:/dsm2GisReference/bay_delta_dem_v4.gdb/dem_ccfb_south_delta_san_joaquin_rvr_2m_20180612
366,463_chanpoly,-999999,-999999,0.0,E:/dsm2GisReference/bay_delta_dem_v4.gdb/dem_ccfb_south_delta_san_joaquin_rvr_2m_20180612
367,464_chanpoly,-999999,-999999,0.0,E:/dsm2GisReference/bay_delta_dem_v4.gdb/dem_ccfb_south_delta_san_joaquin_rvr_2m_20180612
368,465_chanpoly,-999999,-999999,0.0,E:/dsm2GisReference/bay_delta_dem_v4.gdb/dem_ccfb_south_delta_san_joaquin_rvr_2m_20180612
369,466_chanpoly,-999999,-999999,0.0,E:/dsm2GisReference/bay_delta_dem_v4.gdb/dem_ccfb_south_delta_san_joaquin_rvr_2m_20180612
370,467_chanpoly,-999999,-999999,0.0,E:/dsm2GisReference/bay_delta_dem_v4.gdb/dem_ccfb_south_delta_san_joaquin_rvr_2m_20180612
371,468_chanpoly,-999999,-999999,0.0,E:/dsm2GisReference/bay_delta_dem_v4.gdb/dem_ccfb_south_delta_san_joaquin_rvr_2m_20180612
372,469_chanpoly,-999999,-999999,0.0,E:/dsm2GisReference/bay_delta_dem_v4.gdb/dem_ccfb_south_delta_san_joaquin_rvr_2m_20180612
373,46_chanpoly,-999999,-999999,0.0,E:/dsm2GisReference/bay_delta_dem_v4.gdb/dem_ccfb_south_delta_san_joaquin_rvr_2m_20180612
374,470_chanpoly,-999999,-999999,0.0,E:/dsm2GisReference/bay_delta_dem_v4.gdb/dem_ccfb_south_delta_san_joaquin_rvr_2m_20180612
375,471_chanpoly,-999999,-999999,0.0,E:/dsm2GisReference/bay_delta_dem_v4.gdb/dem_ccfb_south_delta_san_joaquin_rvr_2m_20180612
376,472_chanpoly,-999999,-999999,0.0,E:/dsm2GisReference/bay_delta_dem_v4.gdb/dem_ccfb_south_delta_san_joaquin_rvr_2m_20180612
377,473_chanpoly,-999999,-999999,0.0,E:/dsm2GisReference/bay_delta_dem_v4.gdb/dem_ccfb_south_delta_san_joaquin_rvr_2m_20180612
378,474_chanpoly,-999999,-999999,0.0,E:/dsm2GisReference/bay_delta_dem_v4.gdb/dem_ccfb_south_delta_san_joaquin_rvr_2m_20180612
379,475_chanpoly,-999999,-999999,0.0,E:/dsm2GisReference/bay_delta_dem_v4.gdb/dem_ccfb_south_delta_san_joaquin_rvr_2m_20180612
380,476_chanpoly,-999999,-999999,0.0,E:/dsm2GisReference/bay_delta_dem_v4.gdb/dem_ccfb_south_delta_san_joaquin_rvr_2m_20180612
381,477_chanpoly,-999999,-999999,0.0,E:/dsm2GisReference/bay_delta_dem_v4.gdb/dem_ccfb_south_delta_san_joaquin_rvr_2m_20180612
382,478_chanpoly,-999999,-999999,0.0,E:/dsm2GisReference/bay_delta_dem_v4.gdb/dem_ccfb_south_delta_san_joaquin_rvr_2m_20180612
383,479_chanpoly,-999999,-999999,0.0,E:/dsm2GisReference/bay_delta_dem_v4.gdb/dem_ccfb_south_delta_san_joaquin_rvr_2m_20180612
384,47_chanpoly,-999999,-999999,0.0,E:/dsm2GisReference/bay_delta_dem_v4.gdb/dem_ccfb_south_delta_san_joaquin_rvr_2m_20180612
385,480_chanpoly,-999999,-999999,0.0,E:/dsm2GisReference/bay_delta_dem_v4.gdb/dem_ccfb_south_delta_san_joaquin_rvr_2m_20180612
386,481_chanpoly,-999999,-999999,0.0,E:/dsm2GisReference/bay_delta_dem_v4.gdb/dem_ccfb_south_delta_san_joaquin_rvr_2m_20180612
387,483_chanpoly,-999999,-999999,0.0,E:/dsm2GisReference/bay_delta_dem_v4.gdb/dem_ccfb_south_delta_san_joaquin_rvr_2m_20180612
388,484_chanpoly,-999999,-999999,0.0,E:/dsm2GisReference/bay_delta_dem_v4.gdb/dem_ccfb_south_delta_san_joaquin_rvr_2m_20180612
389,485_chanpoly,-999999,-999999,0.0,E:/dsm2GisReference/bay_delta_dem_v4.gdb/dem_ccfb_south_delta_san_joaquin_rvr_2m_20180612
390,486_chanpoly,-999999,-999999,0.0,E:/dsm2GisReference/bay_delta_dem_v4.gdb/dem_ccfb_south_delta_san_joaquin_rvr_2m_20180612
391,487_chanpoly,-999999,-999999,0.0,E:/dsm2GisReference/bay_delta_dem_v4.gdb/dem_ccfb_south_delta_san_joaquin_rvr_2m_20180612
392,488_chanpoly,-999999,-999999,0.0,E:/dsm2GisReference/bay_delta_dem_v4.gdb/dem_ccfb_south_delta_san_joaquin_rvr_2m_20180612
393,489_chanpoly,-999999,-999999,0.0,E:/dsm2GisReference/bay_delta_dem_v4.gdb/dem_ccfb_south_delta_san_joaquin_rvr_2m_20180612
394,48_chanpoly,-999999,-999999,0.0,E:/dsm2GisReference/bay_delta_dem_v4.gdb/dem_ccfb_south_delta_san_joaquin_rvr_2m_20180612
395,490_chanpoly,-999999,-999999,0.0,E:/dsm2GisReference/bay_delta_dem_v4.gdb/dem_ccfb_south_delta_san_joaquin_rvr_2m_20180612
396,491_chanpoly,-999999,-999999,0.0,E:/dsm2GisReference/bay_delta_dem_v4.gdb/dem_ccfb_south_delta_san_joaquin_rvr_2m_20180612
397,497_chanpoly,-999999,-999999,0.0,E:/dsm2GisReference/bay_delta_dem_v4.gdb/dem_ccfb_south_delta_san_joaquin_rvr_2m_20180612
398,498_chanpoly,-999999,-999999,0.0,E:/dsm2GisReference/bay_delta_dem_v4.gdb/dem_ccfb_south_delta_san_joaquin_rvr_2m_20180612
399,499_chanpoly,-999999,-999999,0.0,E:/dsm2GisReference/bay_delta_dem_v4.gdb/dem_ccfb_south_delta_san_joaquin_rvr_2m_20180612
400,49_chanpoly,-999999,-999999,0.0,E:/dsm2GisReference/bay_delta_dem_v4.gdb/dem_ccfb_south_delta_san_joaquin_rvr_2m_20180612
401,4_chanpoly,-999999,-999999,0.0,E:/dsm2GisReference/bay_delta_dem_v4.gdb/dem_ccfb_south_delta_san_joaquin_rvr_2m_20180612
402,500_chanpoly,-999999,-999999,0.0,E:/dsm2GisReference/bay_delta_dem_v4.gdb/dem_ccfb_south_delta_san_joaquin_rvr_2m_20180612
403,501_chanpoly,-999999,-999999,0.0,E:/dsm2GisReference/bay_delta_dem_v4.gdb/dem_ccfb_south_delta_san_joaquin_rvr_2m_20180612
404,502_chanpoly,-999999,-999999,0.0,E:/dsm2GisReference/bay_delta_dem_v4.gdb/dem_ccfb_south_delta_san_joaquin_rvr_2m_20180612
405,503_chanpoly,-999999,-999999,0.0,E:/dsm2GisReference/bay_delta_dem_v4.gdb/dem_ccfb_south_delta_san_joaquin_rvr_2m_20180612
406,505_chanpoly,-999999,-999999,0.0,E:/dsm2GisReference/bay_delta_dem_v4.gdb/dem_ccfb_south_delta_san_joaquin_rvr_2m_20180612
407,506_chanpoly,-999999,-999999,0.0,E:/dsm2GisReference/bay_delta_dem_v4.gdb/dem_ccfb_south_delta_san_joaquin_rvr_2m_20180612
408,507_chanpoly,-999999,-999999,0.0,E:/dsm2GisReference/bay_delta_dem_v4.gdb/dem_ccfb_south_delta_san_joaquin_rvr_2m_20180612
409,508_chanpoly,-999999,-999999,0.0,E:/dsm2GisReference/bay_delta_dem_v4.gdb/dem_ccfb_south_delta_san_joaquin_rvr_2m_20180612
410,509_chanpoly,-999999,-999999,0.0,E:/dsm2GisReference/bay_delta_dem_v4.gdb/dem_ccfb_south_delta_san_joaquin_rvr_2m_20180612
411,50_chanpoly,-999999,-999999,0.0,E:/dsm2GisReference/bay_delta_dem_v4.gdb/dem_ccfb_south_delta_san_joaquin_rvr_2m_20180612
412,511_chanpoly,-999999,-999999,0.0,E:/dsm2GisReference/bay_delta_dem_v4.gdb/dem_ccfb_south_delta_san_joaquin_rvr_2m_20180612
413,512_chanpoly,-999999,-999999,0.0,E:/dsm2GisReference/bay_delta_dem_v4.gdb/dem_ccfb_south_delta_san_joaquin_rvr_2m_20180612
414,513_chanpoly,-999999,-999999,0.0,E:/dsm2GisReference/bay_delta_dem_v4.gdb/dem_ccfb_south_delta_san_joaquin_rvr_2m_20180612
415,515_chanpoly,-999999,-999999,0.0,E:/dsm2GisReference/bay_delta_dem_v4.gdb/dem_ccfb_south_delta_san_joaquin_rvr_2m_20180612
416,516_chanpoly,-999999,-999999,0.0,E:/dsm2GisReference/bay_delta_dem_v4.gdb/dem_ccfb_south_delta_san_joaquin_rvr_2m_20180612
417,517_chanpoly,-999999,-999999,0.0,E:/dsm2GisReference/bay_delta_dem_v4.gdb/dem_ccfb_south_delta_san_joaquin_rvr_2m_20180612
418,51_chanpoly,-999999,-999999,0.0,E:/dsm2GisReference/bay_delta_dem_v4.gdb/dem_ccfb_south_delta_san_joaquin_rvr_2m_20180612
419,522_chanpoly,-999999,-999999,0.0,E:/dsm2GisReference/bay_delta_dem_v4.gdb/dem_ccfb_south_delta_san_joaquin_rvr_2m_20180612
420,523_chanpoly,-999999,-999999,0.0,E:/dsm2GisReference/bay_delta_dem_v4.gdb/dem_ccfb_south_delta_san_joaquin_rvr_2m_20180612
421,527_chanpoly,-999999,-999999,0.0,E:/dsm2GisReference/bay_delta_dem_v4.gdb/dem_ccfb_south_delta_san_joaquin_rvr_2m_20180612
422,528_chanpoly,-999999,-999999,0.0,E:/dsm2GisReference/bay_delta_dem_v4.gdb/dem_ccfb_south_delta_san_joaquin_rvr_2m_20180612
423,529_chanpoly,-999999,-999999,0.0,E:/dsm2GisReference/bay_delta_dem_v4.gdb/dem_ccfb_south_delta_san_joaquin_rvr_2m_20180612
424,52_chanpoly,-999999,-999999,0.0,E:/dsm2GisReference/bay_delta_dem_v4.gdb/dem_ccfb_south_delta_san_joaquin_rvr_2m_20180612
425,530_chanpoly,-999999,-999999,0.0,E:/dsm2GisReference/bay_delta_dem_v4.gdb/dem_ccfb_south_delta_san_joaquin_rvr_2m_20180612
426,531_chanpoly,-999999,-999999,0.0,E:/dsm2GisReference/bay_delta_dem_v4.gdb/dem_ccfb_south_delta_san_joaquin_rvr_2m_20180612
427,532_chanpoly,-999999,-999999,0.0,E:/dsm2GisReference/bay_delta_dem_v4.gdb/dem_ccfb_south_delta_san_joaquin_rvr_2m_20180612
428,53_chanpoly,-999999,-999999,0.0,E:/dsm2GisReference/bay_delta_dem_v4.gdb/dem_ccfb_south_delta_san_joaquin_rvr_2m_20180612
429,543_chanpoly,-999999,-999999,0.0,E:/dsm2GisReference/bay_delta_dem_v4.gdb/dem_ccfb_south_delta_san_joaquin_rvr_2m_20180612
430,544_chanpoly,-999999,-999999,0.0,E:/dsm2GisReference/bay_delta_dem_v4.gdb/dem_ccfb_south_delta_san_joaquin_rvr_2m_20180612
431,549_chanpoly,-999999,-999999,0.0,E:/dsm2GisReference/bay_delta_dem_v4.gdb/dem_ccfb_south_delta_san_joaquin_rvr_2m_20180612
432,54_chanpoly,72769.276192,54356.0,0.0,E:/dsm2GisReference/bay_delta_dem_v4.gdb/dem_ccfb_south_delta_san_joaquin_rvr_2m_20180612
433,550_chanpoly,-999999,-999999,0.0,E:/dsm2GisReference/bay_delta_dem_v4.gdb/dem_ccfb_south_delta_san_joaquin_rvr_2m_20180612
434,552_chanpoly,-999999,-999999,0.0,E:/dsm2GisReference/bay_delta_dem_v4.gdb/dem_ccfb_south_delta_san_joaquin_rvr_2m_20180612
435,553_chanpoly,-999999,-999999,0.0,E:/dsm2GisReference/bay_delta_dem_v4.gdb/dem_ccfb_south_delta_san_joaquin_rvr_2m_20180612
436,555_chanpoly,-999999,-999999,0.0,E:/dsm2GisReference/bay_delta_dem_v4.gdb/dem_ccfb_south_delta_san_joaquin_rvr_2m_20180612
437,556_chanpoly,-999999,-999999,0.0,E:/dsm2GisReference/bay_delta_dem_v4.gdb/dem_ccfb_south_delta_san_joaquin_rvr_2m_20180612
438,557_chanpoly,-999999,-999999,0.0,E:/dsm2GisReference/bay_delta_dem_v4.gdb/dem_ccfb_south_delta_san_joaquin_rvr_2m_20180612
439,558_chanpoly,-999999,-999999,0.0,E:/dsm2GisReference/bay_delta_dem_v4.gdb/dem_ccfb_south_delta_san_joaquin_rvr_2m_20180612
440,559_chanpoly,-999999,-999999,0.0,E:/dsm2GisReference/bay_delta_dem_v4.gdb/dem_ccfb_south_delta_san_joaquin_rvr_2m_20180612
441,55_chanpoly,105706.293674,69872.0,0.0,E:/dsm2GisReference/bay_delta_dem_v4.gdb/dem_ccfb_south_delta_san_joaquin_rvr_2m_20180612
442,560_chanpoly,-999999,-999999,0.0,E:/dsm2GisReference/bay_delta_dem_v4.gdb/dem_ccfb_south_delta_san_joaquin_rvr_2m_20180612
443,561_chanpoly,-999999,-999999,0.0,E:/dsm2GisReference/bay_delta_dem_v4.gdb/dem_ccfb_south_delta_san_joaquin_rvr_2m_20180612
444,56_chanpoly,134765.446454,69516.0,0.0,E:/dsm2GisReference/bay_delta_dem_v4.gdb/dem_ccfb_south_delta_san_joaquin_rvr_2m_20180612
445,57_chanpoly,123792.341321,73272.0,0.0,E:/dsm2GisReference/bay_delta_dem_v4.gdb/dem_ccfb_south_delta_san_joaquin_rvr_2m_20180612
446,58_chanpoly,164990.636787,75800.0,0.0,E:/dsm2GisReference/bay_delta_dem_v4.gdb/dem_ccfb_south_delta_san_joaquin_rvr_2m_20180612
447,59_chanpoly,86500.8674257,29424.0,0.0,E:/dsm2GisReference/bay_delta_dem_v4.gdb/dem_ccfb_south_delta_san_joaquin_rvr_2m_20180612
448,5_chanpoly,-999999,-999999,0.0,E:/dsm2GisReference/bay_delta_dem_v4.gdb/dem_ccfb_south_delta_san_joaquin_rvr_2m_20180612
449,60_chanpoly,255838.678646,83288.0,0.0,E:/dsm2GisReference/bay_delta_dem_v4.gdb/dem_ccfb_south_delta_san_joaquin_rvr_2m_20180612
450,61_chanpoly,279522.527862,98504.0,0.0,E:/dsm2GisReference/bay_delta_dem_v4.gdb/dem_ccfb_south_delta_san_joaquin_rvr_2m_20180612
451,62_chanpoly,192123.47891,88508.0,0.0,E:/dsm2GisReference/bay_delta_dem_v4.gdb/dem_ccfb_south_delta_san_joaquin_rvr_2m_20180612
452,63_chanpoly,8377.18268042,10608.0,0.0,E:/dsm2GisReference/bay_delta_dem_v4.gdb/dem_ccfb_south_delta_san_joaquin_rvr_2m_20180612
453,65_chanpoly,20961.6861785,32504.0,0.0,E:/dsm2GisReference/bay_delta_dem_v4.gdb/dem_ccfb_south_delta_san_joaquin_rvr_2m_20180612
454,66_chanpoly,19640.221969,17832.0,0.0,E:/dsm2GisReference/bay_delta_dem_v4.gdb/dem_ccfb_south_delta_san_joaquin_rvr_2m_20180612
455,67_chanpoly,2749.58075186,4912.0,0.0,E:/dsm2GisReference/bay_delta_dem_v4.gdb/dem_ccfb_south_delta_san_joaquin_rvr_2m_20180612
456,68_chanpoly,49059.0662363,51260.0,0.0,E:/dsm2GisReference/bay_delta_dem_v4.gdb/dem_ccfb_south_delta_san_joaquin_rvr_2m_20180612
457,69_chanpoly,738.098589537,4960.0,0.0,E:/dsm2GisReference/bay_delta_dem_v4.gdb/dem_ccfb_south_delta_san_joaquin_rvr_2m_20180612
458,6_chanpoly,164620.365238,63992.0,0.0,E:/dsm2GisReference/bay_delta_dem_v4.gdb/dem_ccfb_south_delta_san_joaquin_rvr_2m_20180612
459,700_chanpoly,-999999,-999999,0.0,E:/dsm2GisReference/bay_delta_dem_v4.gdb/dem_ccfb_south_delta_san_joaquin_rvr_2m_20180612
460,701_chanpoly,-999999,-999999,0.0,E:/dsm2GisReference/bay_delta_dem_v4.gdb/dem_ccfb_south_delta_san_joaquin_rvr_2m_20180612
461,702_chanpoly,-999999,-999999,0.0,E:/dsm2GisReference/bay_delta_dem_v4.gdb/dem_ccfb_south_delta_san_joaquin_rvr_2m_20180612
462,703_chanpoly,-999999,-999999,0.0,E:/dsm2GisReference/bay_delta_dem_v4.gdb/dem_ccfb_south_delta_san_joaquin_rvr_2m_20180612
463,70_chanpoly,52475.1951497,39968.0,0.0,E:/dsm2GisReference/bay_delta_dem_v4.gdb/dem_ccfb_south_delta_san_joaquin_rvr_2m_20180612
464,71_chanpoly,62218.9685275,57772.0,0.0,E:/dsm2GisReference/bay_delta_dem_v4.gdb/dem_ccfb_south_delta_san_joaquin_rvr_2m_20180612
465,72_chanpoly,75752.0016635,53944.0,0.0,E:/dsm2GisReference/bay_delta_dem_v4.gdb/dem_ccfb_south_delta_san_joaquin_rvr_2m_20180612
466,73_chanpoly,82676.8789607,74596.0,0.0,E:/dsm2GisReference/bay_delta_dem_v4.gdb/dem_ccfb_south_delta_san_joaquin_rvr_2m_20180612
467,74_chanpoly,86482.8001371,67728.0,0.0,E:/dsm2GisReference/bay_delta_dem_v4.gdb/dem_ccfb_south_delta_san_joaquin_rvr_2m_20180612
468,75_chanpoly,100801.893862,70164.0,0.0,E:/dsm2GisReference/bay_delta_dem_v4.gdb/dem_ccfb_south_delta_san_joaquin_rvr_2m_20180612
469,76_chanpoly,165949.307924,131132.0,0.0,E:/dsm2GisReference/bay_delta_dem_v4.gdb/dem_ccfb_south_delta_san_joaquin_rvr_2m_20180612
470,77_chanpoly,131173.393786,85408.0,0.0,E:/dsm2GisReference/bay_delta_dem_v4.gdb/dem_ccfb_south_delta_san_joaquin_rvr_2m_20180612
471,78_chanpoly,68147.09979,41352.0,0.0,E:/dsm2GisReference/bay_delta_dem_v4.gdb/dem_ccfb_south_delta_san_joaquin_rvr_2m_20180612
472,79_chanpoly,75404.6089177,52348.0,0.0,E:/dsm2GisReference/bay_delta_dem_v4.gdb/dem_ccfb_south_delta_san_joaquin_rvr_2m_20180612
473,7_chanpoly,366578.948249,191780.0,0.0,E:/dsm2GisReference/bay_delta_dem_v4.gdb/dem_ccfb_south_delta_san_joaquin_rvr_2m_20180612
474,80_chanpoly,103037.064584,66632.0,0.0,E:/dsm2GisReference/bay_delta_dem_v4.gdb/dem_ccfb_south_delta_san_joaquin_rvr_2m_20180612
475,81_chanpoly,236014.698026,71192.0,0.0,E:/dsm2GisReference/bay_delta_dem_v4.gdb/dem_ccfb_south_delta_san_joaquin_rvr_2m_20180612
476,82_chanpoly,375682.099923,77288.0,0.0,E:/dsm2GisReference/bay_delta_dem_v4.gdb/dem_ccfb_south_delta_san_joaquin_rvr_2m_20180612
477,83_chanpoly,-999999,-999999,0.0,E:/dsm2GisReference/bay_delta_dem_v4.gdb/dem_ccfb_south_delta_san_joaquin_rvr_2m_20180612
478,84_chanpoly,373364.110012,61072.0,0.0,E:/dsm2GisReference/bay_delta_dem_v4.gdb/dem_ccfb_south_delta_san_joaquin_rvr_2m_20180612
479,85_chanpoly,513674.661226,83928.0,0.0,E:/dsm2GisReference/bay_delta_dem_v4.gdb/dem_ccfb_south_delta_san_joaquin_rvr_2m_20180612
480,86_chanpoly,622405.150698,120220.0,0.0,E:/dsm2GisReference/bay_delta_dem_v4.gdb/dem_ccfb_south_delta_san_joaquin_rvr_2m_20180612
481,88_chanpoly,646627.649791,150004.0,0.0,E:/dsm2GisReference/bay_delta_dem_v4.gdb/dem_ccfb_south_delta_san_joaquin_rvr_2m_20180612
482,89_chanpoly,633138.87144,157100.0,0.0,E:/dsm2GisReference/bay_delta_dem_v4.gdb/dem_ccfb_south_delta_san_joaquin_rvr_2m_20180612
483,8_chanpoly,264330.534797,161764.0,0.0,E:/dsm2GisReference/bay_delta_dem_v4.gdb/dem_ccfb_south_delta_san_joaquin_rvr_2m_20180612
484,90_chanpoly,592708.091127,118188.0,0.0,E:/dsm2GisReference/bay_delta_dem_v4.gdb/dem_ccfb_south_delta_san_joaquin_rvr_2m_20180612
485,91_chanpoly,672147.137646,124560.0,0.0,E:/dsm2GisReference/bay_delta_dem_v4.gdb/dem_ccfb_south_delta_san_joaquin_rvr_2m_20180612
486,92_chanpoly,783615.435236,179060.0,0.0,E:/dsm2GisReference/bay_delta_dem_v4.gdb/dem_ccfb_south_delta_san_joaquin_rvr_2m_20180612
487,94_chanpoly,941521.411245,260004.0,0.0,E:/dsm2GisReference/bay_delta_dem_v4.gdb/dem_ccfb_south_delta_san_joaquin_rvr_2m_20180612
488,95_chanpoly,844273.481579,216740.0,0.0,E:/dsm2GisReference/bay_delta_dem_v4.gdb/dem_ccfb_south_delta_san_joaquin_rvr_2m_20180612
489,96_chanpoly,866289.425063,193704.0,0.0,E:/dsm2GisReference/bay_delta_dem_v4.gdb/dem_ccfb_south_delta_san_joaquin_rvr_2m_20180612
490,97_chanpoly,380429.608688,72208.0,0.0,E:/dsm2GisReference/bay_delta_dem_v4.gdb/dem_ccfb_south_delta_san_joaquin_rvr_2m_20180612
491,9_chanpoly,238381.862968,160880.0,0.0,E:/dsm2GisReference/bay_delta_dem_v4.gdb/dem_ccfb_south_delta_san_joaquin_rvr_2m_20180612
